id,first_name,last_name,email,gender,class,team
1,Jamaal,Spadelli,jspadelli0@techcrunch.com,Male,1v,nosr
2,Marika,Edlyne,medlyne1@washingtonpost.com,Female,3v,nosr
3,Linn,Huff,lhuff2@shareasale.com,Non-binary,1v,""
4,Daria,Poge,dpoge3@google.ru,Female,2v,nosr
5,Annalise,Flieg,aflieg4@cbslocal.com,Female,2v,nosr
6,Ardyth,Mickan,amickan5@spiegel.de,Female,2v,nosr
7,Ilsa,Carswell,icarswell6@cam.ac.uk,Female,3v,vulkan
8,Drugi,Allberry,dallberry7@youku.com,Male,1v,swot
9,Marion,Tidcombe,mtidcombe8@mozilla.org,Male,1v,vulkan
10,Sid,Longo,slongo9@technorati.com,Male,1v,nosr
11,Yorgo,Cattenach,ycattenacha@nba.com,Male,3v,vulkan
12,Asher,Woodhouse,awoodhouseb@examiner.com,Male,3v,""
13,Kaylee,Dowding,kdowdingc@wired.com,Female,2v,swot
14,Candis,Amis,camisd@ocn.ne.jp,Female,1v,swot
15,Alleen,Boleyn,aboleyne@cloudflare.com,Female,1v,nosr
16,Garey,Clines,gclinesf@google.it,Male,1v,swot
17,Clementina,Pegrum,cpegrumg@unblog.fr,Female,2v,swot
18,Reeva,McIndoe,rmcindoeh@ifeng.com,Female,1v,nosr
19,Mariann,Wein,mweini@skyrock.com,Female,3v,swot
20,Valera,Coppard,vcoppardj@flavors.me,Female,3v,swot
21,Curtis,Gilluley,cgilluleyk@eepurl.com,Male,2v,vulkan
22,Paulie,Eck,peckl@noaa.gov,Female,3v,nosr
23,Dalila,Laxon,dlaxonm@qq.com,Genderqueer,2v,""
24,Eda,Cordoba,ecordoban@freewebs.com,Female,3v,nosr
25,Bettine,Beardwell,bbeardwello@statcounter.com,Genderqueer,3v,nosr
26,Jodie,Roblett,jroblettp@auda.org.au,Female,3v,swot
27,Yoshi,Fance,yfanceq@mit.edu,Polygender,3v,vulkan
28,Rube,Blizard,rblizardr@tamu.edu,Male,2v,""
29,Ella,Morritt,emorritts@princeton.edu,Female,2v,swot
30,Alika,Rippon,arippont@issuu.com,Female,3v,swot
31,Bryna,Halt,bhaltu@alibaba.com,Female,1v,""
32,Grete,Grunnell,ggrunnellv@google.com.hk,Female,1v,swot
33,Renae,Melia,rmeliaw@go.com,Female,2v,swot
34,Arturo,Stobbes,astobbesx@sina.com.cn,Male,3v,vulkan
35,Ignazio,Milbank,imilbanky@eepurl.com,Male,1v,vulkan
36,Andrey,Oatley,aoatleyz@phoca.cz,Male,2v,vulkan
37,Morris,Filewood,mfilewood10@msn.com,Male,3v,vulkan
38,Alika,MacRannell,amacrannell11@dropbox.com,Female,2v,""
39,Hughie,Eilhermann,heilhermann12@storify.com,Male,2v,""
40,Ludvig,Skokoe,lskokoe13@ezinearticles.com,Male,1v,swot
41,Mendy,Plumtree,mplumtree14@devhub.com,Male,3v,vulkan
42,See,Fugere,sfugere15@ning.com,Male,1v,nosr
43,Jaymie,Saur,jsaur16@rediff.com,Polygender,2v,""
44,Faunie,McTaggart,fmctaggart17@washington.edu,Female,2v,vulkan
45,Lira,Perrelli,lperrelli18@jimdo.com,Female,2v,""
46,Henri,Cromar,hcromar19@tinyurl.com,Male,2v,nosr
47,Mona,Damiata,mdamiata1a@amazon.co.uk,Non-binary,2v,vulkan
48,Fran,Plester,fplester1b@istockphoto.com,Male,2v,vulkan
49,Jenine,Ades,jades1c@guardian.co.uk,Female,2v,swot
50,Kellina,Veldstra,kveldstra1d@dedecms.com,Female,3v,nosr
51,Thornie,Iacavone,tiacavone1e@cargocollective.com,Male,1v,vulkan
52,Ainslee,Ash,aash1f@soup.io,Female,1v,vulkan
53,Coleen,Oldland,coldland1g@twitter.com,Female,2v,nosr
54,Jeri,Dripp,jdripp1h@cdc.gov,Female,2v,""
55,Morly,Nowakowska,mnowakowska1i@ow.ly,Male,2v,""
56,Myrwyn,Muscroft,mmuscroft1j@jugem.jp,Male,1v,""
57,Lizabeth,Bunclark,lbunclark1k@springer.com,Female,3v,""
58,Pen,Harsent,pharsent1l@taobao.com,Agender,3v,swot
59,Martica,Domaschke,mdomaschke1m@paypal.com,Female,2v,nosr
60,Cynthia,Beaconsall,cbeaconsall1n@typepad.com,Female,3v,""
61,Gaylor,Jeanesson,gjeanesson1o@nyu.edu,Bigender,1v,swot
62,Casey,Szantho,cszantho1p@nature.com,Female,1v,nosr
63,Quentin,Featherby,qfeatherby1q@columbia.edu,Male,1v,vulkan
64,Barnabas,Bryson,bbryson1r@hubpages.com,Male,1v,nosr
65,Masha,Giraudoux,mgiraudoux1s@sciencedaily.com,Female,2v,nosr
66,Blisse,Farley,bfarley1t@dropbox.com,Female,3v,swot
67,Maybelle,Fetherby,mfetherby1u@nyu.edu,Female,3v,""
68,Phaedra,Bartoletti,pbartoletti1v@lulu.com,Polygender,3v,nosr
69,Hanson,Matskevich,hmatskevich1w@biglobe.ne.jp,Male,2v,""
70,Shanon,Barnfield,sbarnfield1x@addthis.com,Polygender,2v,vulkan
71,Matthieu,Wilmot,mwilmot1y@bluehost.com,Male,1v,swot
72,Larina,Philipet,lphilipet1z@sphinn.com,Female,1v,""
73,Jannel,Battram,jbattram20@histats.com,Female,2v,swot
74,Sandie,Godwin,sgodwin21@umich.edu,Female,2v,swot
75,Currie,Fall,cfall22@samsung.com,Male,1v,nosr
76,Claudette,Trewhela,ctrewhela23@devhub.com,Female,2v,""
77,Marla,Feechum,mfeechum24@qq.com,Female,1v,nosr
78,Sileas,Schurcke,sschurcke25@infoseek.co.jp,Female,1v,nosr
79,Mabel,Greatreax,mgreatreax26@wix.com,Female,2v,vulkan
80,Derrik,Glacken,dglacken27@sfgate.com,Male,2v,nosr
81,Madeleine,Bernaciak,mbernaciak28@barnesandnoble.com,Agender,1v,""
82,Kali,Luffman,kluffman29@wordpress.org,Female,1v,nosr
83,Mayor,Presdee,mpresdee2a@weather.com,Male,1v,""
84,Rose,Iorizzi,riorizzi2b@dmoz.org,Female,3v,""
85,Albertina,Baalham,abaalham2c@google.com,Female,2v,swot
86,Prentiss,Jako,pjako2d@histats.com,Male,3v,swot
87,Ashla,Mawson,amawson2e@netvibes.com,Female,2v,vulkan
88,Guillemette,Judkin,gjudkin2f@mac.com,Female,3v,swot
89,Fitz,Cannell,fcannell2g@google.com.au,Male,2v,nosr
90,Reagen,Kingsford,rkingsford2h@sourceforge.net,Male,1v,""
91,Anatole,Rennix,arennix2i@webmd.com,Male,3v,nosr
92,Grove,Godbolt,ggodbolt2j@ebay.com,Male,1v,vulkan
93,Salomo,Arson,sarson2k@elpais.com,Male,3v,nosr
94,Dalis,Mullally,dmullally2l@dot.gov,Male,3v,nosr
95,Mirilla,Habgood,mhabgood2m@blogtalkradio.com,Genderqueer,2v,vulkan
96,Howard,Caldaro,hcaldaro2n@answers.com,Male,2v,nosr
97,Cathee,Riggs,criggs2o@cloudflare.com,Female,2v,swot
98,Collin,Bedham,cbedham2p@netlog.com,Male,1v,""
99,Lurlene,Dimitresco,ldimitresco2q@thetimes.co.uk,Female,2v,swot
100,Brooke,Towler,btowler2r@jalbum.net,Genderfluid,2v,nosr
